step,cluster_key,A_mean,raw_radius,radius,UCB,prob,selected,active_size,cluster_size,migration_in,migration_out
61,cluster_0,0.329,0.18012902027780825,0.153109667236137,0.482109667236137,0.24,464,100,100,0,0
61,cluster_1,0.301,0.18602311767530388,0.1581196500240083,0.4591196500240083,0.214,435,183,200,0,0
61,cluster_2,0.259,0.19568703475466548,0.16633397954146564,0.4253339795414657,0.182,393,159,180,0,0
61,cluster_3,0.238,0.22692186966387995,0.19288358921429796,0.4308835892142979,0.187,292,132,160,0,0
61,cluster_4,0.23,0.22241303870703072,0.1890510829009761,0.41905108290097615,0.177,304,138,160,0,0
62,cluster_0,0.317,0.18012902027780825,0.153109667236137,0.470109667236137,0.228,464,100,100,0,0
62,cluster_1,0.297,0.18602311767530388,0.1581196500240083,0.4551196500240083,0.213,435,183,200,0,0
62,cluster_2,0.26,0.19568703475466548,0.16633397954146564,0.4263339795414657,0.185,393,159,180,0,0
62,cluster_3,0.239,0.22692186966387995,0.19288358921429796,0.4318835892142979,0.19,292,132,160,0,0
62,cluster_4,0.236,0.22241303870703072,0.1890510829009761,0.4250510829009761,0.184,304,140,160,0,0
63,cluster_0,0.322,0.18012902027780825,0.153109667236137,0.475109667236137,0.234,464,100,100,0,0
63,cluster_1,0.292,0.18602311767530388,0.1581196500240083,0.4501196500240083,0.208,435,184,200,0,0
63,cluster_2,0.269,0.19568703475466548,0.16633397954146564,0.4353339795414657,0.193,393,160,180,0,0
63,cluster_3,0.237,0.22692186966387995,0.19288358921429796,0.4298835892142979,0.189,292,135,160,0,0
63,cluster_4,0.226,0.22241303870703072,0.1890510829009761,0.41505108290097614,0.176,304,140,160,0,0
64,cluster_0,0.323,0.18012902027780825,0.153109667236137,0.476109667236137,0.239,464,100,100,0,0
64,cluster_1,0.294,0.18602311767530388,0.1581196500240083,0.4521196500240083,0.213,435,184,200,0,0
64,cluster_2,0.246,0.19568703475466548,0.16633397954146564,0.41233397954146567,0.177,393,161,180,0,0
64,cluster_3,0.241,0.22692186966387995,0.19288358921429796,0.4338835892142979,0.196,292,135,160,0,0
64,cluster_4,0.221,0.22241303870703072,0.1890510829009761,0.41005108290097614,0.175,304,141,160,0,0
65,cluster_0,0.326,0.18012902027780825,0.153109667236137,0.479109667236137,0.244,464,100,100,0,0
65,cluster_1,0.291,0.18602311767530388,0.1581196500240083,0.4491196500240083,0.212,435,184,200,0,0
65,cluster_2,0.241,0.19568703475466548,0.16633397954146564,0.40733397954146566,0.174,393,161,180,0,0
65,cluster_3,0.239,0.22692186966387995,0.19288358921429796,0.4318835892142979,0.196,292,135,160,0,0
65,cluster_4,0.219,0.22241303870703072,0.1890510829009761,0.40805108290097614,0.175,304,142,160,0,0
66,cluster_0,0.302,0.18012902027780825,0.153109667236137,0.455109667236137,0.223,464,100,100,0,0
66,cluster_1,0.292,0.18602311767530388,0.1581196500240083,0.4501196500240083,0.217,435,184,200,0,0
66,cluster_2,0.25,0.19568703475466548,0.16633397954146564,0.41633397954146567,0.185,393,161,180,0,0
66,cluster_3,0.236,0.22692186966387995,0.19288358921429796,0.4288835892142979,0.197,292,135,160,0,0
66,cluster_4,0.221,0.22241303870703072,0.1890510829009761,0.41005108290097614,0.179,304,142,160,0,0
67,cluster_0,0.299,0.18012902027780825,0.153109667236137,0.452109667236137,0.221,464,100,100,0,0
67,cluster_1,0.293,0.18602311767530388,0.1581196500240083,0.4511196500240083,0.221,435,185,200,0,0
67,cluster_2,0.245,0.19568703475466548,0.16633397954146564,0.41133397954146567,0.183,393,161,180,0,0
67,cluster_3,0.234,0.22692186966387995,0.19288358921429796,0.426883589214298,0.196,292,137,160,0,0
67,cluster_4,0.219,0.22241303870703072,0.1890510829009761,0.40805108290097614,0.179,304,142,160,0,0
68,cluster_0,0.31,0.18012902027780825,0.153109667236137,0.463109667236137,0.234,464,100,100,0,0
68,cluster_1,0.293,0.18602311767530388,0.1581196500240083,0.4511196500240083,0.221,435,186,200,0,0
68,cluster_2,0.24,0.19568703475466548,0.16633397954146564,0.40633397954146566,0.179,393,162,180,0,0
68,cluster_3,0.23,0.22692186966387995,0.19288358921429796,0.422883589214298,0.193,292,137,160,0,0
68,cluster_4,0.21,0.22241303870703072,0.1890510829009761,0.39905108290097613,0.173,304,142,160,0,0
69,cluster_0,0.301,0.18012902027780825,0.153109667236137,0.454109667236137,0.229,464,100,100,0,0
69,cluster_1,0.291,0.18602311767530388,0.1581196500240083,0.4491196500240083,0.223,435,187,200,0,0
69,cluster_2,0.234,0.19568703475466548,0.16633397954146564,0.40033397954146566,0.177,393,162,180,0,0
69,cluster_3,0.226,0.22692186966387995,0.19288358921429796,0.41888358921429797,0.194,292,139,160,0,0
69,cluster_4,0.211,0.22241303870703072,0.1890510829009761,0.40005108290097613,0.177,304,143,160,0,0
70,cluster_0,0.298,0.18012902027780825,0.153109667236137,0.451109667236137,0.225,464,100,100,0,0
70,cluster_1,0.284,0.18602311767530388,0.1581196500240083,0.44211965002400827,0.216,435,187,200,0,0
70,cluster_2,0.239,0.19568703475466548,0.16633397954146564,0.40533397954146566,0.181,393,163,180,0,0
70,cluster_3,0.226,0.22692186966387995,0.19288358921429796,0.41888358921429797,0.194,292,139,160,0,0
70,cluster_4,0.219,0.22241303870703072,0.1890510829009761,0.40805108290097614,0.183,304,143,160,0,0
71,cluster_0,0.29,0.18012902027780825,0.153109667236137,0.443109667236137,0.22,464,100,100,0,0
71,cluster_1,0.283,0.18602311767530388,0.1581196500240083,0.44111965002400827,0.219,435,187,200,0,0
71,cluster_2,0.233,0.19568703475466548,0.16633397954146564,0.39933397954146566,0.179,393,164,180,0,0
71,cluster_3,0.229,0.22692186966387995,0.19288358921429796,0.42188358921429797,0.199,292,140,160,0,0
71,cluster_4,0.215,0.22241303870703072,0.1890510829009761,0.40405108290097613,0.183,304,143,160,0,0
72,cluster_0,0.276,0.18012902027780825,0.153109667236137,0.429109667236137,0.211,464,100,100,0,0
72,cluster_1,0.277,0.18602311767530388,0.1581196500240083,0.4351196500240083,0.217,435,187,200,0,0
72,cluster_2,0.23,0.19568703475466548,0.16633397954146564,0.39633397954146565,0.18,393,164,180,0,0
72,cluster_3,0.236,0.22692186966387995,0.19288358921429796,0.4288835892142979,0.21,292,140,160,0,0
72,cluster_4,0.211,0.22241303870703072,0.1890510829009761,0.40005108290097613,0.183,304,144,160,0,0
73,cluster_0,0.263,0.18012902027780825,0.153109667236137,0.416109667236137,0.197,464,100,100,0,0
73,cluster_1,0.281,0.18602311767530388,0.1581196500240083,0.4391196500240083,0.22,435,188,200,0,0
73,cluster_2,0.237,0.19568703475466548,0.16633397954146564,0.40333397954146566,0.186,393,164,180,0,0
73,cluster_3,0.24,0.22692186966387995,0.19288358921429796,0.4328835892142979,0.214,292,141,160,0,0
73,cluster_4,0.213,0.22241303870703072,0.1890510829009761,0.40205108290097613,0.184,304,145,160,0,0
74,cluster_0,0.272,0.18012902027780825,0.153109667236137,0.425109667236137,0.202,464,100,100,0,0
74,cluster_1,0.277,0.18602311767530388,0.1581196500240083,0.4351196500240083,0.212,435,189,200,0,0
74,cluster_2,0.244,0.19568703475466548,0.16633397954146564,0.41033397954146567,0.188,393,164,180,0,0
74,cluster_3,0.229,0.22692186966387995,0.19288358921429796,0.42188358921429797,0.199,292,143,160,0,0
74,cluster_4,0.233,0.22241303870703072,0.1890510829009761,0.42205108290097615,0.2,304,145,160,0,0
75,cluster_0,0.271,0.18012902027780825,0.153109667236137,0.424109667236137,0.198,464,100,100,0,0
75,cluster_1,0.278,0.18602311767530388,0.1581196500240083,0.4361196500240083,0.211,435,190,200,0,0
75,cluster_2,0.244,0.19568703475466548,0.16633397954146564,0.41033397954146567,0.186,393,164,180,0,0
75,cluster_3,0.235,0.22692186966387995,0.19288358921429796,0.4278835892142979,0.202,292,143,160,0,0
75,cluster_4,0.24,0.22241303870703072,0.1890510829009761,0.4290510829009761,0.203,304,147,160,0,0
76,cluster_0,0.27,0.18012902027780825,0.153109667236137,0.423109667236137,0.199,464,100,100,0,0
76,cluster_1,0.277,0.18602311767530388,0.1581196500240083,0.4351196500240083,0.21,435,191,200,0,0
76,cluster_2,0.237,0.19568703475466548,0.16633397954146564,0.40333397954146566,0.181,393,164,180,0,0
76,cluster_3,0.238,0.22692186966387995,0.19288358921429796,0.4308835892142979,0.206,292,143,160,0,0
76,cluster_4,0.24,0.22241303870703072,0.1890510829009761,0.4290510829009761,0.204,304,147,160,0,0
77,cluster_0,0.259,0.18012902027780825,0.153109667236137,0.412109667236137,0.191,464,100,100,0,0
77,cluster_1,0.27,0.18602311767530388,0.1581196500240083,0.4281196500240083,0.205,435,191,200,0,0
77,cluster_2,0.236,0.19568703475466548,0.16633397954146564,0.40233397954146566,0.182,393,164,180,0,0
77,cluster_3,0.241,0.22692186966387995,0.19288358921429796,0.4338835892142979,0.211,292,144,160,0,0
77,cluster_4,0.245,0.22241303870703072,0.1890510829009761,0.4340510829009761,0.212,304,147,160,0,0
78,cluster_0,0.262,0.18012902027780825,0.153109667236137,0.415109667236137,0.196,464,100,100,0,0
78,cluster_1,0.263,0.18602311767530388,0.1581196500240083,0.4211196500240083,0.202,435,191,200,0,0
78,cluster_2,0.236,0.19568703475466548,0.16633397954146564,0.40233397954146566,0.185,393,164,180,0,0
78,cluster_3,0.233,0.22692186966387995,0.19288358921429796,0.425883589214298,0.206,292,145,160,0,0
78,cluster_4,0.242,0.22241303870703072,0.1890510829009761,0.4310510829009761,0.211,304,147,160,0,0
79,cluster_0,0.241,0.18012902027780825,0.153109667236137,0.394109667236137,0.178,464,100,100,0,0
79,cluster_1,0.259,0.18602311767530388,0.1581196500240083,0.4171196500240083,0.199,435,191,200,0,0
79,cluster_2,0.235,0.19568703475466548,0.16633397954146564,0.40133397954146566,0.185,393,165,180,0,0
79,cluster_3,0.246,0.22692186966387995,0.19288358921429796,0.43888358921429793,0.221,292,146,160,0,0
79,cluster_4,0.246,0.22241303870703072,0.1890510829009761,0.4350510829009761,0.217,304,147,160,0,0
80,cluster_0,0.25,0.18012902027780825,0.153109667236137,0.403109667236137,0.183,464,100,100,0,0
80,cluster_1,0.264,0.18602311767530388,0.1581196500240083,0.4221196500240083,0.201,435,191,200,0,0
80,cluster_2,0.243,0.19568703475466548,0.16633397954146564,0.40933397954146566,0.189,393,165,180,0,0
80,cluster_3,0.252,0.22692186966387995,0.19288358921429796,0.44488358921429794,0.224,292,147,160,0,0
80,cluster_4,0.235,0.22241303870703072,0.1890510829009761,0.4240510829009761,0.203,304,147,160,0,0
81,cluster_0,0.234,0.18012902027780825,0.153109667236137,0.38710966723613704,0.174,464,100,100,0,0
81,cluster_1,0.262,0.18602311767530388,0.1581196500240083,0.4201196500240083,0.204,435,192,200,0,0
81,cluster_2,0.244,0.19568703475466548,0.16633397954146564,0.41033397954146567,0.194,393,165,180,0,0
81,cluster_3,0.251,0.22692186966387995,0.19288358921429796,0.44388358921429794,0.228,292,147,160,0,0
81,cluster_4,0.228,0.22241303870703072,0.1890510829009761,0.41705108290097614,0.201,304,147,160,0,0
82,cluster_0,0.208,0.18012902027780825,0.153109667236137,0.361109667236137,0.161,464,100,100,0,0
82,cluster_1,0.256,0.18602311767530388,0.1581196500240083,0.4141196500240083,0.206,435,194,200,0,0
82,cluster_2,0.238,0.19568703475466548,0.16633397954146564,0.40433397954146566,0.197,393,166,180,0,0
82,cluster_3,0.247,0.22692186966387995,0.19288358921429796,0.43988358921429793,0.233,292,147,160,0,0
82,cluster_4,0.223,0.22241303870703072,0.1890510829009761,0.41205108290097614,0.204,304,147,160,0,0
83,cluster_0,0.218,0.18012902027780825,0.153109667236137,0.37110966723613703,0.166,464,100,100,0,0
83,cluster_1,0.248,0.18602311767530388,0.1581196500240083,0.4061196500240083,0.197,435,194,200,0,0
83,cluster_2,0.237,0.19568703475466548,0.16633397954146564,0.40333397954146566,0.194,393,165,180,0,0
83,cluster_3,0.249,0.22692186966387995,0.19288358921429796,0.44188358921429793,0.233,292,147,160,0,0
83,cluster_4,0.23,0.22241303870703072,0.1890510829009761,0.41905108290097615,0.209,304,147,160,0,0
84,cluster_0,0.229,0.18012902027780825,0.153109667236137,0.38210966723613704,0.173,464,100,100,0,0
84,cluster_1,0.251,0.18602311767530388,0.1581196500240083,0.4091196500240083,0.196,435,195,200,0,0
84,cluster_2,0.236,0.19568703475466548,0.16633397954146564,0.40233397954146566,0.191,393,165,180,0,0
84,cluster_3,0.247,0.22692186966387995,0.19288358921429796,0.43988358921429793,0.227,292,148,160,0,0
84,cluster_4,0.236,0.22241303870703072,0.1890510829009761,0.4250510829009761,0.213,304,148,160,0,0
85,cluster_0,0.23,0.18012902027780825,0.153109667236137,0.38310966723613704,0.176,464,100,100,0,0
85,cluster_1,0.25,0.18602311767530388,0.1581196500240083,0.4081196500240083,0.198,435,196,200,0,0
85,cluster_2,0.235,0.19568703475466548,0.16633397954146564,0.40133397954146566,0.192,393,165,180,0,0
85,cluster_3,0.243,0.22692186966387995,0.19288358921429796,0.43588358921429793,0.226,292,148,160,0,0
85,cluster_4,0.23,0.22241303870703072,0.1890510829009761,0.41905108290097615,0.208,304,147,160,0,0
86,cluster_0,0.238,0.18012902027780825,0.153109667236137,0.391109667236137,0.18,464,100,100,0,0
86,cluster_1,0.243,0.18602311767530388,0.1581196500240083,0.4011196500240083,0.189,435,196,200,0,0
86,cluster_2,0.237,0.19568703475466548,0.16633397954146564,0.40333397954146566,0.191,393,165,180,0,0
86,cluster_3,0.247,0.22692186966387995,0.19288358921429796,0.43988358921429793,0.227,292,149,160,0,0
86,cluster_4,0.236,0.22241303870703072,0.1890510829009761,0.4250510829009761,0.212,304,145,160,0,0
87,cluster_0,0.223,0.18012902027780825,0.153109667236137,0.37610966723613704,0.17,464,100,100,0,0
87,cluster_1,0.248,0.18602311767530388,0.1581196500240083,0.4061196500240083,0.196,435,196,200,0,0
87,cluster_2,0.233,0.19568703475466548,0.16633397954146564,0.39933397954146566,0.189,393,167,180,0,0
87,cluster_3,0.251,0.22692186966387995,0.19288358921429796,0.44388358921429794,0.235,292,148,160,0,0
87,cluster_4,0.233,0.22241303870703072,0.1890510829009761,0.42205108290097615,0.211,304,145,160,0,0
88,cluster_0,0.228,0.18012902027780825,0.153109667236137,0.38110966723613704,0.174,464,100,100,0,0
88,cluster_1,0.236,0.18602311767530388,0.1581196500240083,0.3941196500240083,0.185,435,196,200,0,0
88,cluster_2,0.234,0.19568703475466548,0.16633397954146564,0.40033397954146566,0.19,393,167,180,0,0
88,cluster_3,0.244,0.22692186966387995,0.19288358921429796,0.43688358921429793,0.226,292,148,160,0,0
88,cluster_4,0.247,0.22241303870703072,0.1890510829009761,0.4360510829009761,0.225,304,143,160,0,0
89,cluster_0,0.206,0.18012902027780825,0.153109667236137,0.359109667236137,0.158,464,100,100,0,0
89,cluster_1,0.225,0.18602311767530388,0.1581196500240083,0.3831196500240083,0.178,435,196,200,0,0
89,cluster_2,0.236,0.19568703475466548,0.16633397954146564,0.40233397954146566,0.195,393,166,180,0,0
89,cluster_3,0.255,0.22692186966387995,0.19288358921429796,0.44788358921429794,0.241,292,148,160,0,0
89,cluster_4,0.247,0.22241303870703072,0.1890510829009761,0.4360510829009761,0.228,304,143,160,0,0
90,cluster_0,0.196,0.18012902027780825,0.153109667236137,0.349109667236137,0.15,464,100,100,0,0
90,cluster_1,0.224,0.18602311767530388,0.1581196500240083,0.3821196500240083,0.175,435,196,200,0,0
90,cluster_2,0.241,0.19568703475466548,0.16633397954146564,0.40733397954146566,0.198,393,166,180,0,0
90,cluster_3,0.258,0.22692186966387995,0.19288358921429796,0.45088358921429794,0.243,292,148,160,0,0
90,cluster_4,0.254,0.22241303870703072,0.1890510829009761,0.4430510829009761,0.234,304,143,160,0,0
91,cluster_0,0.184,0.18012902027780825,0.153109667236137,0.337109667236137,0.144,464,100,100,0,0
91,cluster_1,0.228,0.18602311767530388,0.1581196500240083,0.3861196500240083,0.182,435,196,200,0,0
91,cluster_2,0.24,0.19568703475466548,0.16633397954146564,0.40633397954146566,0.2,393,164,180,0,0
91,cluster_3,0.255,0.22692186966387995,0.19288358921429796,0.44788358921429794,0.244,292,148,160,0,0
91,cluster_4,0.247,0.22241303870703072,0.1890510829009761,0.4360510829009761,0.231,304,144,160,0,0
92,cluster_0,0.176,0.18012902027780825,0.153109667236137,0.329109667236137,0.14,464,100,100,0,0
92,cluster_1,0.226,0.18602311767530388,0.1581196500240083,0.3841196500240083,0.181,435,196,200,0,0
92,cluster_2,0.24,0.19568703475466548,0.16633397954146564,0.40633397954146566,0.202,393,165,180,0,0
92,cluster_3,0.253,0.22692186966387995,0.19288358921429796,0.44588358921429794,0.244,292,149,160,0,0
92,cluster_4,0.247,0.22241303870703072,0.1890510829009761,0.4360510829009761,0.233,304,144,160,0,0
93,cluster_0,0.178,0.18012902027780825,0.153109667236137,0.331109667236137,0.141,464,100,100,0,0
93,cluster_1,0.22,0.18602311767530388,0.1581196500240083,0.37811965002400827,0.175,435,196,200,0,0
93,cluster_2,0.244,0.19568703475466548,0.16633397954146564,0.41033397954146567,0.205,393,165,180,0,0
93,cluster_3,0.257,0.22692186966387995,0.19288358921429796,0.44988358921429794,0.247,292,150,160,0,0
93,cluster_4,0.249,0.22241303870703072,0.1890510829009761,0.4380510829009761,0.233,304,146,160,0,0
94,cluster_0,0.177,0.18012902027780825,0.153109667236137,0.330109667236137,0.141,464,100,100,0,0
94,cluster_1,0.218,0.18602311767530388,0.1581196500240083,0.37611965002400827,0.175,435,196,200,0,0
94,cluster_2,0.243,0.19568703475466548,0.16633397954146564,0.40933397954146566,0.204,393,165,180,0,0
94,cluster_3,0.26,0.22692186966387995,0.19288358921429796,0.45288358921429794,0.252,292,150,160,0,0
94,cluster_4,0.244,0.22241303870703072,0.1890510829009761,0.4330510829009761,0.229,304,145,160,0,0
95,cluster_0,0.187,0.18012902027780825,0.153109667236137,0.340109667236137,0.148,464,100,100,0,0
95,cluster_1,0.217,0.18602311767530388,0.1581196500240083,0.37511965002400827,0.174,435,196,200,0,0
95,cluster_2,0.235,0.19568703475466548,0.16633397954146564,0.40133397954146566,0.197,393,165,180,0,0
95,cluster_3,0.261,0.22692186966387995,0.19288358921429796,0.45388358921429794,0.253,292,152,160,0,0
95,cluster_4,0.242,0.22241303870703072,0.1890510829009761,0.4310510829009761,0.227,304,147,160,0,0
96,cluster_0,0.176,0.18012902027780825,0.153109667236137,0.329109667236137,0.144,464,100,100,0,0
96,cluster_1,0.206,0.18602311767530388,0.1581196500240083,0.36411965002400826,0.169,435,196,200,0,0
96,cluster_2,0.239,0.19568703475466548,0.16633397954146564,0.40533397954146566,0.206,393,165,180,0,0
96,cluster_3,0.252,0.22692186966387995,0.19288358921429796,0.44488358921429794,0.25,292,152,160,0,0
96,cluster_4,0.24,0.22241303870703072,0.1890510829009761,0.4290510829009761,0.231,304,148,160,0,0
97,cluster_0,0.19,0.18012902027780825,0.153109667236137,0.343109667236137,0.151,464,100,100,0,0
97,cluster_1,0.205,0.18602311767530388,0.1581196500240083,0.36311965002400826,0.166,435,196,200,0,0
97,cluster_2,0.237,0.19568703475466548,0.16633397954146564,0.40333397954146566,0.201,393,165,180,0,0
97,cluster_3,0.263,0.22692186966387995,0.19288358921429796,0.45588358921429795,0.259,292,151,160,0,0
97,cluster_4,0.236,0.22241303870703072,0.1890510829009761,0.4250510829009761,0.223,304,148,160,0,0
98,cluster_0,0.195,0.18012902027780825,0.153109667236137,0.348109667236137,0.153,464,100,100,0,0
98,cluster_1,0.211,0.18602311767530388,0.1581196500240083,0.36911965002400826,0.168,435,195,200,0,0
98,cluster_2,0.244,0.19568703475466548,0.16633397954146564,0.41033397954146567,0.204,393,165,180,0,0
98,cluster_3,0.267,0.22692186966387995,0.19288358921429796,0.45988358921429795,0.259,292,149,160,0,0
98,cluster_4,0.232,0.22241303870703072,0.1890510829009761,0.42105108290097615,0.215,304,148,160,0,0
99,cluster_0,0.203,0.18012902027780825,0.153109667236137,0.356109667236137,0.158,464,100,100,0,0
99,cluster_1,0.211,0.18602311767530388,0.1581196500240083,0.36911965002400826,0.169,435,194,200,0,0
99,cluster_2,0.241,0.19568703475466548,0.16633397954146564,0.40733397954146566,0.202,393,164,180,0,0
99,cluster_3,0.262,0.22692186966387995,0.19288358921429796,0.45488358921429795,0.254,292,149,160,0,0
99,cluster_4,0.234,0.22241303870703072,0.1890510829009761,0.42305108290097615,0.217,304,146,160,0,0
100,cluster_0,0.19,0.18012902027780825,0.153109667236137,0.343109667236137,0.153,464,100,100,0,0
100,cluster_1,0.21,0.18602311767530388,0.1581196500240083,0.36811965002400826,0.172,435,193,200,0,0
100,cluster_2,0.25,0.19568703475466548,0.16633397954146564,0.41633397954146567,0.216,393,166,180,0,0
100,cluster_3,0.256,0.22692186966387995,0.19288358921429796,0.44888358921429794,0.252,292,152,160,0,0
100,cluster_4,0.22,0.22241303870703072,0.1890510829009761,0.40905108290097614,0.208,304,147,160,0,0
101,cluster_0,0.19,0.18012902027780825,0.153109667236137,0.343109667236137,0.153,464,100,100,0,0
101,cluster_1,0.21,0.18602311767530388,0.1581196500240083,0.36811965002400826,0.172,435,193,200,0,0
101,cluster_2,0.25,0.19568703475466548,0.16633397954146564,0.41633397954146567,0.216,393,166,180,0,0
101,cluster_3,0.256,0.22692186966387995,0.19288358921429796,0.44888358921429794,0.252,292,152,160,0,0
101,cluster_4,0.22,0.22241303870703072,0.1890510829009761,0.40905108290097614,0.208,304,147,160,0,0
102,cluster_0,0.187,0.18012902027780825,0.153109667236137,0.340109667236137,0.153,464,100,100,0,0
102,cluster_1,0.205,0.18602311767530388,0.1581196500240083,0.36311965002400826,0.17,435,192,200,0,0
102,cluster_2,0.249,0.19568703475466548,0.16633397954146564,0.41533397954146567,0.218,393,165,180,0,0
102,cluster_3,0.249,0.22692186966387995,0.19288358921429796,0.44188358921429793,0.248,292,152,160,0,0
102,cluster_4,0.218,0.22241303870703072,0.1890510829009761,0.40705108290097614,0.21,304,147,160,0,0
103,cluster_0,0.187,0.18012902027780825,0.153109667236137,0.340109667236137,0.154,464,100,100,0,0
103,cluster_1,0.193,0.18602311767530388,0.1581196500240083,0.3511196500240083,0.162,435,191,200,0,0
103,cluster_2,0.245,0.19568703475466548,0.16633397954146564,0.41133397954146567,0.215,393,165,180,0,0
103,cluster_3,0.253,0.22692186966387995,0.19288358921429796,0.44588358921429794,0.254,292,152,160,0,0
103,cluster_4,0.222,0.22241303870703072,0.1890510829009761,0.41105108290097614,0.215,304,147,160,0,0
104,cluster_0,0.183,0.18012902027780825,0.153109667236137,0.336109667236137,0.152,464,100,100,0,0
104,cluster_1,0.192,0.18602311767530388,0.1581196500240083,0.3501196500240083,0.163,435,190,200,0,0
104,cluster_2,0.237,0.19568703475466548,0.16633397954146564,0.40333397954146566,0.208,393,165,180,0,0
104,cluster_3,0.26,0.22692186966387995,0.19288358921429796,0.45288358921429794,0.264,292,152,160,0,0
104,cluster_4,0.219,0.22241303870703072,0.1890510829009761,0.40805108290097614,0.213,304,145,160,0,0
105,cluster_0,0.167,0.18012902027780825,0.153109667236137,0.320109667236137,0.143,464,100,100,0,0
105,cluster_1,0.188,0.18602311767530388,0.1581196500240083,0.3461196500240083,0.162,435,190,200,0,0
105,cluster_2,0.244,0.19568703475466548,0.16633397954146564,0.41033397954146567,0.219,393,163,180,0,0
105,cluster_3,0.258,0.22692186966387995,0.19288358921429796,0.45088358921429794,0.265,292,151,160,0,0
105,cluster_4,0.213,0.22241303870703072,0.1890510829009761,0.40205108290097613,0.21,304,147,160,0,0
106,cluster_0,0.158,0.18012902027780825,0.153109667236137,0.311109667236137,0.141,464,100,100,0,0
106,cluster_1,0.185,0.18602311767530388,0.1581196500240083,0.3431196500240083,0.163,435,190,200,0,0
106,cluster_2,0.235,0.19568703475466548,0.16633397954146564,0.40133397954146566,0.215,393,163,180,0,0
106,cluster_3,0.252,0.22692186966387995,0.19288358921429796,0.44488358921429794,0.265,292,151,160,0,0
106,cluster_4,0.214,0.22241303870703072,0.1890510829009761,0.40305108290097613,0.216,304,148,160,0,0
107,cluster_0,0.156,0.18012902027780825,0.153109667236137,0.309109667236137,0.139,464,100,100,0,0
107,cluster_1,0.177,0.18602311767530388,0.1581196500240083,0.3351196500240083,0.158,435,189,200,0,0
107,cluster_2,0.232,0.19568703475466548,0.16633397954146564,0.39833397954146565,0.212,393,165,180,0,0
107,cluster_3,0.259,0.22692186966387995,0.19288358921429796,0.45188358921429794,0.275,292,151,160,0,0
107,cluster_4,0.212,0.22241303870703072,0.1890510829009761,0.40105108290097613,0.215,304,148,160,0,0
108,cluster_0,0.162,0.18012902027780825,0.153109667236137,0.315109667236137,0.141,464,100,100,0,0
108,cluster_1,0.182,0.18602311767530388,0.1581196500240083,0.3401196500240083,0.159,435,190,200,0,0
108,cluster_2,0.235,0.19568703475466548,0.16633397954146564,0.40133397954146566,0.213,393,165,180,0,0
108,cluster_3,0.262,0.22692186966387995,0.19288358921429796,0.45488358921429795,0.275,292,151,160,0,0
108,cluster_4,0.212,0.22241303870703072,0.1890510829009761,0.40105108290097613,0.212,304,148,160,0,0
109,cluster_0,0.158,0.18012902027780825,0.153109667236137,0.311109667236137,0.142,464,100,100,0,0
109,cluster_1,0.177,0.18602311767530388,0.1581196500240083,0.3351196500240083,0.158,435,191,200,0,0
109,cluster_2,0.232,0.19568703475466548,0.16633397954146564,0.39833397954146565,0.213,393,165,180,0,0
109,cluster_3,0.261,0.22692186966387995,0.19288358921429796,0.45388358921429794,0.278,292,152,160,0,0
109,cluster_4,0.204,0.22241303870703072,0.1890510829009761,0.3930510829009761,0.209,304,147,160,0,0
110,cluster_0,0.156,0.18012902027780825,0.153109667236137,0.309109667236137,0.141,464,100,100,0,0
110,cluster_1,0.177,0.18602311767530388,0.1581196500240083,0.3351196500240083,0.159,435,190,200,0,0
110,cluster_2,0.227,0.19568703475466548,0.16633397954146564,0.39333397954146565,0.209,393,167,180,0,0
110,cluster_3,0.258,0.22692186966387995,0.19288358921429796,0.45088358921429794,0.276,292,152,160,0,0
110,cluster_4,0.209,0.22241303870703072,0.1890510829009761,0.3980510829009761,0.215,304,147,160,0,0
111,cluster_0,0.156,0.18012902027780825,0.153109667236137,0.309109667236137,0.142,464,100,100,0,0
111,cluster_1,0.181,0.18602311767530388,0.1581196500240083,0.3391196500240083,0.163,435,189,200,0,0
111,cluster_2,0.22,0.19568703475466548,0.16633397954146564,0.38633397954146564,0.204,393,168,180,0,0
111,cluster_3,0.256,0.22692186966387995,0.19288358921429796,0.44888358921429794,0.276,292,152,160,0,0
111,cluster_4,0.208,0.22241303870703072,0.1890510829009761,0.3970510829009761,0.215,304,147,160,0,0
112,cluster_0,0.144,0.18012902027780825,0.153109667236137,0.29710966723613697,0.136,464,100,100,0,0
112,cluster_1,0.177,0.18602311767530388,0.1581196500240083,0.3351196500240083,0.162,435,189,200,0,0
112,cluster_2,0.219,0.19568703475466548,0.16633397954146564,0.38533397954146564,0.206,393,169,180,0,0
112,cluster_3,0.254,0.22692186966387995,0.19288358921429796,0.44688358921429794,0.276,292,152,160,0,0
112,cluster_4,0.209,0.22241303870703072,0.1890510829009761,0.3980510829009761,0.219,304,148,160,0,0
113,cluster_0,0.139,0.18012902027780825,0.153109667236137,0.292109667236137,0.133,464,100,100,0,0
113,cluster_1,0.18,0.18602311767530388,0.1581196500240083,0.3381196500240083,0.165,435,190,200,0,0
113,cluster_2,0.219,0.19568703475466548,0.16633397954146564,0.38533397954146564,0.207,393,169,180,0,0
113,cluster_3,0.255,0.22692186966387995,0.19288358921429796,0.44788358921429794,0.279,292,152,160,0,0
113,cluster_4,0.207,0.22241303870703072,0.1890510829009761,0.3960510829009761,0.217,304,147,160,0,0
114,cluster_0,0.141,0.18012902027780825,0.153109667236137,0.29410966723613696,0.135,464,100,100,0,0
114,cluster_1,0.187,0.18602311767530388,0.1581196500240083,0.3451196500240083,0.171,435,190,200,0,0
114,cluster_2,0.211,0.19568703475466548,0.16633397954146564,0.37733397954146564,0.199,393,167,180,0,0
114,cluster_3,0.252,0.22692186966387995,0.19288358921429796,0.44488358921429794,0.276,292,152,160,0,0
114,cluster_4,0.207,0.22241303870703072,0.1890510829009761,0.3960510829009761,0.218,304,147,160,0,0
115,cluster_0,0.144,0.18012902027780825,0.153109667236137,0.29710966723613697,0.135,464,100,100,0,0
115,cluster_1,0.196,0.18602311767530388,0.1581196500240083,0.3541196500240083,0.176,435,189,200,0,0
115,cluster_2,0.211,0.19568703475466548,0.16633397954146564,0.37733397954146564,0.196,393,167,180,0,0
115,cluster_3,0.252,0.22692186966387995,0.19288358921429796,0.44488358921429794,0.272,292,152,160,0,0
115,cluster_4,0.212,0.22241303870703072,0.1890510829009761,0.40105108290097613,0.221,304,149,160,0,0
116,cluster_0,0.127,0.18012902027780825,0.153109667236137,0.280109667236137,0.128,464,100,100,0,0
116,cluster_1,0.196,0.18602311767530388,0.1581196500240083,0.3541196500240083,0.181,435,189,200,0,0
116,cluster_2,0.204,0.19568703475466548,0.16633397954146564,0.37033397954146563,0.195,393,168,180,0,0
116,cluster_3,0.252,0.22692186966387995,0.19288358921429796,0.44488358921429794,0.279,292,152,160,0,0
116,cluster_4,0.204,0.22241303870703072,0.1890510829009761,0.3930510829009761,0.217,304,149,160,0,0
117,cluster_0,0.118,0.18012902027780825,0.153109667236137,0.271109667236137,0.123,464,100,100,0,0
117,cluster_1,0.195,0.18602311767530388,0.1581196500240083,0.3531196500240083,0.181,435,190,200,0,0
117,cluster_2,0.207,0.19568703475466548,0.16633397954146564,0.37333397954146563,0.199,393,168,180,0,0
117,cluster_3,0.252,0.22692186966387995,0.19288358921429796,0.44488358921429794,0.281,292,152,160,0,0
117,cluster_4,0.201,0.22241303870703072,0.1890510829009761,0.3900510829009761,0.216,304,149,160,0,0
118,cluster_0,0.118,0.18012902027780825,0.153109667236137,0.271109667236137,0.121,464,100,100,0,0
118,cluster_1,0.189,0.18602311767530388,0.1581196500240083,0.3471196500240083,0.172,435,189,200,0,0
118,cluster_2,0.205,0.19568703475466548,0.16633397954146564,0.37133397954146563,0.193,393,167,180,0,0
118,cluster_3,0.269,0.22692186966387995,0.19288358921429796,0.46188358921429795,0.297,292,153,160,0,0
118,cluster_4,0.208,0.22241303870703072,0.1890510829009761,0.3970510829009761,0.218,304,149,160,0,0
119,cluster_0,0.115,0.18012902027780825,0.153109667236137,0.268109667236137,0.117,464,100,100,0,0
119,cluster_1,0.184,0.18602311767530388,0.1581196500240083,0.3421196500240083,0.165,435,189,200,0,0
119,cluster_2,0.202,0.19568703475466548,0.16633397954146564,0.36833397954146563,0.186,393,168,180,0,0
119,cluster_3,0.281,0.22692186966387995,0.19288358921429796,0.47388358921429796,0.309,292,154,160,0,0
119,cluster_4,0.217,0.22241303870703072,0.1890510829009761,0.40605108290097613,0.223,304,149,160,0,0
120,cluster_0,0.135,0.18012902027780825,0.153109667236137,0.288109667236137,0.127,464,100,100,0,0
120,cluster_1,0.189,0.18602311767530388,0.1581196500240083,0.3471196500240083,0.167,435,189,200,0,0
120,cluster_2,0.204,0.19568703475466548,0.16633397954146564,0.37033397954146563,0.187,393,168,180,0,0
120,cluster_3,0.275,0.22692186966387995,0.19288358921429796,0.46788358921429796,0.298,292,153,160,0,0
120,cluster_4,0.216,0.22241303870703072,0.1890510829009761,0.40505108290097613,0.221,304,148,160,0,0
121,cluster_0,0.139,0.18012902027780825,0.153109667236137,0.292109667236137,0.131,464,100,100,0,0
121,cluster_1,0.189,0.18602311767530388,0.1581196500240083,0.3471196500240083,0.169,435,189,200,0,0
121,cluster_2,0.204,0.19568703475466548,0.16633397954146564,0.37033397954146563,0.189,393,168,180,0,0
121,cluster_3,0.27,0.22692186966387995,0.19288358921429796,0.46288358921429795,0.294,292,153,160,0,0
121,cluster_4,0.211,0.22241303870703072,0.1890510829009761,0.40005108290097613,0.217,304,148,160,0,0
122,cluster_0,0.13,0.18012902027780825,0.153109667236137,0.283109667236137,0.127,464,100,100,0,0
122,cluster_1,0.179,0.18602311767530388,0.1581196500240083,0.3371196500240083,0.164,435,189,200,0,0
122,cluster_2,0.192,0.19568703475466548,0.16633397954146564,0.3583339795414656,0.181,393,168,180,0,0
122,cluster_3,0.271,0.22692186966387995,0.19288358921429796,0.46388358921429795,0.299,292,154,160,0,0
122,cluster_4,0.219,0.22241303870703072,0.1890510829009761,0.40805108290097614,0.229,304,148,160,0,0
123,cluster_0,0.127,0.18012902027780825,0.153109667236137,0.280109667236137,0.125,464,100,100,0,0
123,cluster_1,0.179,0.18602311767530388,0.1581196500240083,0.3371196500240083,0.163,435,189,200,0,0
123,cluster_2,0.197,0.19568703475466548,0.16633397954146564,0.3633339795414656,0.185,393,167,180,0,0
123,cluster_3,0.273,0.22692186966387995,0.19288358921429796,0.46588358921429796,0.301,292,154,160,0,0
123,cluster_4,0.218,0.22241303870703072,0.1890510829009761,0.40705108290097614,0.227,304,149,160,0,0
124,cluster_0,0.114,0.18012902027780825,0.153109667236137,0.267109667236137,0.118,464,100,100,0,0
124,cluster_1,0.176,0.18602311767530388,0.1581196500240083,0.3341196500240083,0.161,435,188,200,0,0
124,cluster_2,0.191,0.19568703475466548,0.16633397954146564,0.3573339795414656,0.18,393,167,180,0,0
124,cluster_3,0.278,0.22692186966387995,0.19288358921429796,0.47088358921429796,0.31,292,155,160,0,0
124,cluster_4,0.222,0.22241303870703072,0.1890510829009761,0.41105108290097614,0.231,304,149,160,0,0
125,cluster_0,0.12,0.18012902027780825,0.153109667236137,0.273109667236137,0.121,464,100,100,0,0
125,cluster_1,0.175,0.18602311767530388,0.1581196500240083,0.3331196500240083,0.16,435,188,200,0,0
125,cluster_2,0.187,0.19568703475466548,0.16633397954146564,0.3533339795414656,0.176,393,167,180,0,0
125,cluster_3,0.28,0.22692186966387995,0.19288358921429796,0.47288358921429796,0.311,292,156,160,0,0
125,cluster_4,0.223,0.22241303870703072,0.1890510829009761,0.41205108290097614,0.232,304,149,160,0,0
126,cluster_0,0.119,0.18012902027780825,0.153109667236137,0.272109667236137,0.123,464,100,100,0,0
126,cluster_1,0.168,0.18602311767530388,0.1581196500240083,0.32611965002400833,0.159,435,186,200,0,0
126,cluster_2,0.189,0.19568703475466548,0.16633397954146564,0.3553339795414656,0.181,393,168,180,0,0
126,cluster_3,0.272,0.22692186966387995,0.19288358921429796,0.46488358921429795,0.306,292,155,160,0,0
126,cluster_4,0.217,0.22241303870703072,0.1890510829009761,0.40605108290097613,0.231,304,149,160,0,0
127,cluster_0,0.118,0.18012902027780825,0.153109667236137,0.271109667236137,0.122,464,100,100,0,0
127,cluster_1,0.172,0.18602311767530388,0.1581196500240083,0.3301196500240083,0.161,435,186,200,0,0
127,cluster_2,0.19,0.19568703475466548,0.16633397954146564,0.3563339795414656,0.183,393,167,180,0,0
127,cluster_3,0.269,0.22692186966387995,0.19288358921429796,0.46188358921429795,0.302,292,154,160,0,0
127,cluster_4,0.217,0.22241303870703072,0.1890510829009761,0.40605108290097613,0.231,304,149,160,0,0
128,cluster_0,0.106,0.18012902027780825,0.153109667236137,0.259109667236137,0.117,464,100,100,0,0
128,cluster_1,0.173,0.18602311767530388,0.1581196500240083,0.3311196500240083,0.163,435,186,200,0,0
128,cluster_2,0.193,0.19568703475466548,0.16633397954146564,0.3593339795414656,0.186,393,167,180,0,0
128,cluster_3,0.259,0.22692186966387995,0.19288358921429796,0.45188358921429794,0.29,292,154,160,0,0
128,cluster_4,0.227,0.22241303870703072,0.1890510829009761,0.41605108290097614,0.244,304,149,160,0,0
129,cluster_0,0.106,0.18012902027780825,0.153109667236137,0.259109667236137,0.116,464,100,100,0,0
129,cluster_1,0.169,0.18602311767530388,0.1581196500240083,0.32711965002400833,0.159,435,185,200,0,0
129,cluster_2,0.185,0.19568703475466548,0.16633397954146564,0.3513339795414656,0.179,393,164,180,0,0
129,cluster_3,0.262,0.22692186966387995,0.19288358921429796,0.45488358921429795,0.293,292,154,160,0,0
129,cluster_4,0.236,0.22241303870703072,0.1890510829009761,0.4250510829009761,0.253,304,150,160,0,0
130,cluster_0,0.105,0.18012902027780825,0.153109667236137,0.258109667236137,0.118,464,100,100,0,0
130,cluster_1,0.163,0.18602311767530388,0.1581196500240083,0.32111965002400833,0.158,435,185,200,0,0
130,cluster_2,0.178,0.19568703475466548,0.16633397954146564,0.3443339795414656,0.176,393,164,180,0,0
130,cluster_3,0.254,0.22692186966387995,0.19288358921429796,0.44688358921429794,0.288,292,154,160,0,0
130,cluster_4,0.236,0.22241303870703072,0.1890510829009761,0.4250510829009761,0.26,304,149,160,0,0
131,cluster_0,0.087,0.18012902027780825,0.153109667236137,0.240109667236137,0.109,464,100,100,0,0
131,cluster_1,0.16,0.18602311767530388,0.1581196500240083,0.3181196500240083,0.156,435,185,200,0,0
131,cluster_2,0.177,0.19568703475466548,0.16633397954146564,0.3433339795414656,0.176,393,164,180,0,0
131,cluster_3,0.263,0.22692186966387995,0.19288358921429796,0.45588358921429795,0.3,292,152,160,0,0
131,cluster_4,0.237,0.22241303870703072,0.1890510829009761,0.4260510829009761,0.26,304,149,160,0,0
132,cluster_0,0.075,0.18012902027780825,0.153109667236137,0.22810966723613701,0.104,464,100,100,0,0
132,cluster_1,0.16,0.18602311767530388,0.1581196500240083,0.3181196500240083,0.158,435,185,200,0,0
132,cluster_2,0.167,0.19568703475466548,0.16633397954146564,0.33333397954146565,0.17,393,166,180,0,0
132,cluster_3,0.261,0.22692186966387995,0.19288358921429796,0.45388358921429794,0.302,292,151,160,0,0
132,cluster_4,0.239,0.22241303870703072,0.1890510829009761,0.4280510829009761,0.266,304,149,160,0,0
133,cluster_0,0.069,0.18012902027780825,0.153109667236137,0.222109667236137,0.102,464,100,100,0,0
133,cluster_1,0.161,0.18602311767530388,0.1581196500240083,0.31911965002400833,0.159,435,186,200,0,0
133,cluster_2,0.174,0.19568703475466548,0.16633397954146564,0.3403339795414656,0.176,393,168,180,0,0
133,cluster_3,0.261,0.22692186966387995,0.19288358921429796,0.45388358921429794,0.302,292,154,160,0,0
133,cluster_4,0.234,0.22241303870703072,0.1890510829009761,0.42305108290097615,0.261,304,149,160,0,0
134,cluster_0,0.072,0.18012902027780825,0.153109667236137,0.225109667236137,0.103,464,100,100,0,0
134,cluster_1,0.161,0.18602311767530388,0.1581196500240083,0.31911965002400833,0.158,435,186,200,0,0
134,cluster_2,0.175,0.19568703475466548,0.16633397954146564,0.3413339795414656,0.176,393,168,180,0,0
134,cluster_3,0.26,0.22692186966387995,0.19288358921429796,0.45288358921429794,0.3,292,154,160,0,0
134,cluster_4,0.236,0.22241303870703072,0.1890510829009761,0.4250510829009761,0.262,304,149,160,0,0
135,cluster_0,0.073,0.18012902027780825,0.153109667236137,0.226109667236137,0.102,464,100,100,0,0
135,cluster_1,0.157,0.18602311767530388,0.1581196500240083,0.3151196500240083,0.153,435,187,200,0,0
135,cluster_2,0.175,0.19568703475466548,0.16633397954146564,0.3413339795414656,0.173,393,168,180,0,0
135,cluster_3,0.271,0.22692186966387995,0.19288358921429796,0.46388358921429795,0.309,292,153,160,0,0
135,cluster_4,0.241,0.22241303870703072,0.1890510829009761,0.4300510829009761,0.264,304,149,160,0,0
136,cluster_0,0.073,0.18012902027780825,0.153109667236137,0.226109667236137,0.102,464,100,100,0,0
136,cluster_1,0.153,0.18602311767530388,0.1581196500240083,0.3111196500240083,0.15,435,187,200,0,0
136,cluster_2,0.17,0.19568703475466548,0.16633397954146564,0.33633397954146566,0.169,393,168,180,0,0
136,cluster_3,0.272,0.22692186966387995,0.19288358921429796,0.46488358921429795,0.312,292,154,160,0,0
136,cluster_4,0.244,0.22241303870703072,0.1890510829009761,0.4330510829009761,0.267,304,149,160,0,0
137,cluster_0,0.066,0.18012902027780825,0.153109667236137,0.219109667236137,0.099,464,100,100,0,0
137,cluster_1,0.15,0.18602311767530388,0.1581196500240083,0.3081196500240083,0.149,435,188,200,0,0
137,cluster_2,0.176,0.19568703475466548,0.16633397954146564,0.3423339795414656,0.176,393,169,180,0,0
137,cluster_3,0.268,0.22692186966387995,0.19288358921429796,0.46088358921429795,0.309,292,154,160,0,0
137,cluster_4,0.241,0.22241303870703072,0.1890510829009761,0.4300510829009761,0.266,304,150,160,0,0
138,cluster_0,0.074,0.18012902027780825,0.153109667236137,0.22710966723613701,0.1,464,100,100,0,0
138,cluster_1,0.153,0.18602311767530388,0.1581196500240083,0.3111196500240083,0.148,435,187,200,0,0
138,cluster_2,0.184,0.19568703475466548,0.16633397954146564,0.3503339795414656,0.178,393,168,180,0,0
138,cluster_3,0.268,0.22692186966387995,0.19288358921429796,0.46088358921429795,0.301,292,154,160,0,0
138,cluster_4,0.252,0.22241303870703072,0.1890510829009761,0.4410510829009761,0.273,304,148,160,0,0
139,cluster_0,0.072,0.18012902027780825,0.153109667236137,0.225109667236137,0.101,464,100,100,0,0
139,cluster_1,0.147,0.18602311767530388,0.1581196500240083,0.3051196500240083,0.145,435,187,200,0,0
139,cluster_2,0.173,0.19568703475466548,0.16633397954146564,0.3393339795414656,0.171,393,168,180,0,0
139,cluster_3,0.268,0.22692186966387995,0.19288358921429796,0.46088358921429795,0.304,292,154,160,0,0
139,cluster_4,0.254,0.22241303870703072,0.1890510829009761,0.4430510829009761,0.28,304,148,160,0,0
140,cluster_0,0.072,0.18012902027780825,0.153109667236137,0.225109667236137,0.099,464,100,100,0,0
140,cluster_1,0.148,0.18602311767530388,0.1581196500240083,0.3061196500240083,0.143,435,187,200,0,0
140,cluster_2,0.176,0.19568703475466548,0.16633397954146564,0.3423339795414656,0.17,393,167,180,0,0
140,cluster_3,0.275,0.22692186966387995,0.19288358921429796,0.46788358921429796,0.31,292,153,160,0,0
140,cluster_4,0.257,0.22241303870703072,0.1890510829009761,0.4460510829009761,0.278,304,148,160,0,0
141,cluster_0,0.071,0.18012902027780825,0.153109667236137,0.224109667236137,0.097,464,100,100,0,0
141,cluster_1,0.15,0.18602311767530388,0.1581196500240083,0.3081196500240083,0.143,435,188,200,0,0
141,cluster_2,0.181,0.19568703475466548,0.16633397954146564,0.3473339795414656,0.171,393,167,180,0,0
141,cluster_3,0.279,0.22692186966387995,0.19288358921429796,0.47188358921429796,0.312,292,153,160,0,0
141,cluster_4,0.258,0.22241303870703072,0.1890510829009761,0.4470510829009761,0.277,304,148,160,0,0
142,cluster_0,0.071,0.18012902027780825,0.153109667236137,0.224109667236137,0.097,464,100,100,0,0
142,cluster_1,0.15,0.18602311767530388,0.1581196500240083,0.3081196500240083,0.143,435,189,200,0,0
142,cluster_2,0.172,0.19568703475466548,0.16633397954146564,0.3383339795414656,0.165,393,168,180,0,0
142,cluster_3,0.286,0.22692186966387995,0.19288358921429796,0.47888358921429797,0.323,292,153,160,0,0
142,cluster_4,0.254,0.22241303870703072,0.1890510829009761,0.4430510829009761,0.272,304,148,160,0,0
143,cluster_0,0.064,0.18012902027780825,0.153109667236137,0.217109667236137,0.096,464,100,100,0,0
143,cluster_1,0.148,0.18602311767530388,0.1581196500240083,0.3061196500240083,0.145,435,188,200,0,0
143,cluster_2,0.173,0.19568703475466548,0.16633397954146564,0.3393339795414656,0.168,393,168,180,0,0
143,cluster_3,0.28,0.22692186966387995,0.19288358921429796,0.47288358921429796,0.318,292,153,160,0,0
143,cluster_4,0.251,0.22241303870703072,0.1890510829009761,0.4400510829009761,0.273,304,147,160,0,0
144,cluster_0,0.071,0.18012902027780825,0.153109667236137,0.224109667236137,0.101,464,100,100,0,0
144,cluster_1,0.156,0.18602311767530388,0.1581196500240083,0.3141196500240083,0.152,435,188,200,0,0
144,cluster_2,0.171,0.19568703475466548,0.16633397954146564,0.33733397954146566,0.17,393,168,180,0,0
144,cluster_3,0.27,0.22692186966387995,0.19288358921429796,0.46288358921429795,0.309,292,153,160,0,0
144,cluster_4,0.244,0.22241303870703072,0.1890510829009761,0.4330510829009761,0.268,304,148,160,0,0
145,cluster_0,0.086,0.18012902027780825,0.153109667236137,0.239109667236137,0.108,464,100,100,0,0
145,cluster_1,0.155,0.18602311767530388,0.1581196500240083,0.3131196500240083,0.152,435,188,200,0,0
145,cluster_2,0.175,0.19568703475466548,0.16633397954146564,0.3413339795414656,0.174,393,168,180,0,0
145,cluster_3,0.266,0.22692186966387995,0.19288358921429796,0.45888358921429795,0.303,292,153,160,0,0
145,cluster_4,0.24,0.22241303870703072,0.1890510829009761,0.4290510829009761,0.263,304,149,160,0,0
146,cluster_0,0.091,0.18012902027780825,0.153109667236137,0.244109667236137,0.108,464,100,100,0,0
146,cluster_1,0.157,0.18602311767530388,0.1581196500240083,0.3151196500240083,0.15,435,187,200,0,0
146,cluster_2,0.185,0.19568703475466548,0.16633397954146564,0.3513339795414656,0.178,393,168,180,0,0
146,cluster_3,0.265,0.22692186966387995,0.19288358921429796,0.45788358921429795,0.297,292,153,160,0,0
146,cluster_4,0.246,0.22241303870703072,0.1890510829009761,0.4350510829009761,0.266,304,149,160,0,0
147,cluster_0,0.091,0.18012902027780825,0.153109667236137,0.244109667236137,0.108,464,100,100,0,0
147,cluster_1,0.157,0.18602311767530388,0.1581196500240083,0.3151196500240083,0.149,435,187,200,0,0
147,cluster_2,0.189,0.19568703475466548,0.16633397954146564,0.3553339795414656,0.181,393,169,180,0,0
147,cluster_3,0.264,0.22692186966387995,0.19288358921429796,0.45688358921429795,0.293,292,153,160,0,0
147,cluster_4,0.251,0.22241303870703072,0.1890510829009761,0.4400510829009761,0.27,304,150,160,0,0
148,cluster_0,0.098,0.18012902027780825,0.153109667236137,0.25110966723613704,0.11,464,100,100,0,0
148,cluster_1,0.153,0.18602311767530388,0.1581196500240083,0.3111196500240083,0.145,435,187,200,0,0
148,cluster_2,0.19,0.19568703475466548,0.16633397954146564,0.3563339795414656,0.179,393,169,180,0,0
148,cluster_3,0.266,0.22692186966387995,0.19288358921429796,0.45888358921429795,0.292,292,154,160,0,0
148,cluster_4,0.257,0.22241303870703072,0.1890510829009761,0.4460510829009761,0.274,304,148,160,0,0
149,cluster_0,0.098,0.18012902027780825,0.153109667236137,0.25110966723613704,0.109,464,100,100,0,0
149,cluster_1,0.155,0.18602311767530388,0.1581196500240083,0.3131196500240083,0.145,435,187,200,0,0
149,cluster_2,0.186,0.19568703475466548,0.16633397954146564,0.3523339795414656,0.174,393,169,180,0,0
149,cluster_3,0.277,0.22692186966387995,0.19288358921429796,0.46988358921429796,0.305,292,155,160,0,0
149,cluster_4,0.253,0.22241303870703072,0.1890510829009761,0.4420510829009761,0.267,304,148,160,0,0
150,cluster_0,0.104,0.18012902027780825,0.153109667236137,0.257109667236137,0.112,464,100,100,0,0
150,cluster_1,0.152,0.18602311767530388,0.1581196500240083,0.3101196500240083,0.143,435,186,200,0,0
150,cluster_2,0.192,0.19568703475466548,0.16633397954146564,0.3583339795414656,0.179,393,170,180,0,0
150,cluster_3,0.275,0.22692186966387995,0.19288358921429796,0.46788358921429796,0.302,292,155,160,0,0
150,cluster_4,0.25,0.22241303870703072,0.1890510829009761,0.4390510829009761,0.264,304,148,160,0,0
151,cluster_0,0.113,0.18012902027780825,0.153109667236137,0.266109667236137,0.116,464,100,100,0,0
151,cluster_1,0.149,0.18602311767530388,0.1581196500240083,0.3071196500240083,0.14,435,185,200,0,0
151,cluster_2,0.186,0.19568703475466548,0.16633397954146564,0.3523339795414656,0.173,393,171,180,0,0
151,cluster_3,0.28,0.22692186966387995,0.19288358921429796,0.47288358921429796,0.308,292,155,160,0,0
151,cluster_4,0.251,0.22241303870703072,0.1890510829009761,0.4400510829009761,0.262,304,149,160,0,0
152,cluster_0,0.1,0.18012902027780825,0.153109667236137,0.25310966723613704,0.11,464,100,100,0,0
152,cluster_1,0.155,0.18602311767530388,0.1581196500240083,0.3131196500240083,0.145,435,184,200,0,0
152,cluster_2,0.19,0.19568703475466548,0.16633397954146564,0.3563339795414656,0.178,393,170,180,0,0
152,cluster_3,0.274,0.22692186966387995,0.19288358921429796,0.46688358921429796,0.301,292,153,160,0,0
152,cluster_4,0.253,0.22241303870703072,0.1890510829009761,0.4420510829009761,0.267,304,148,160,0,0
153,cluster_0,0.104,0.18012902027780825,0.153109667236137,0.257109667236137,0.113,464,100,100,0,0
153,cluster_1,0.151,0.18602311767530388,0.1581196500240083,0.3091196500240083,0.144,435,184,200,0,0
153,cluster_2,0.19,0.19568703475466548,0.16633397954146564,0.3563339795414656,0.18,393,170,180,0,0
153,cluster_3,0.269,0.22692186966387995,0.19288358921429796,0.46188358921429795,0.298,292,152,160,0,0
153,cluster_4,0.25,0.22241303870703072,0.1890510829009761,0.4390510829009761,0.266,304,147,160,0,0
154,cluster_0,0.105,0.18012902027780825,0.153109667236137,0.258109667236137,0.114,464,100,100,0,0
154,cluster_1,0.154,0.18602311767530388,0.1581196500240083,0.3121196500240083,0.145,435,184,200,0,0
154,cluster_2,0.189,0.19568703475466548,0.16633397954146564,0.3553339795414656,0.178,393,170,180,0,0
154,cluster_3,0.275,0.22692186966387995,0.19288358921429796,0.46788358921429796,0.306,292,152,160,0,0
154,cluster_4,0.243,0.22241303870703072,0.1890510829009761,0.4320510829009761,0.257,304,146,160,0,0
155,cluster_0,0.099,0.18012902027780825,0.153109667236137,0.25210966723613704,0.11,464,100,100,0,0
155,cluster_1,0.15,0.18602311767530388,0.1581196500240083,0.3081196500240083,0.143,435,184,200,0,0
155,cluster_2,0.192,0.19568703475466548,0.16633397954146564,0.3583339795414656,0.181,393,170,180,0,0
155,cluster_3,0.269,0.22692186966387995,0.19288358921429796,0.46188358921429795,0.296,292,152,160,0,0
155,cluster_4,0.254,0.22241303870703072,0.1890510829009761,0.4430510829009761,0.27,304,147,160,0,0
156,cluster_0,0.094,0.18012902027780825,0.153109667236137,0.247109667236137,0.109,464,100,100,0,0
156,cluster_1,0.148,0.18602311767530388,0.1581196500240083,0.3061196500240083,0.143,435,184,200,0,0
156,cluster_2,0.19,0.19568703475466548,0.16633397954146564,0.3563339795414656,0.182,393,170,180,0,0
156,cluster_3,0.266,0.22692186966387995,0.19288358921429796,0.45888358921429795,0.296,292,151,160,0,0
156,cluster_4,0.25,0.22241303870703072,0.1890510829009761,0.4390510829009761,0.269,304,146,160,0,0
157,cluster_0,0.103,0.18012902027780825,0.153109667236137,0.256109667236137,0.113,464,100,100,0,0
157,cluster_1,0.151,0.18602311767530388,0.1581196500240083,0.3091196500240083,0.145,435,184,200,0,0
157,cluster_2,0.19,0.19568703475466548,0.16633397954146564,0.3563339795414656,0.18,393,170,180,0,0
157,cluster_3,0.262,0.22692186966387995,0.19288358921429796,0.45488358921429795,0.288,292,151,160,0,0
157,cluster_4,0.255,0.22241303870703072,0.1890510829009761,0.4440510829009761,0.274,304,145,160,0,0
158,cluster_0,0.101,0.18012902027780825,0.153109667236137,0.25410966723613704,0.113,464,100,100,0,0
158,cluster_1,0.147,0.18602311767530388,0.1581196500240083,0.3051196500240083,0.142,435,183,200,0,0
158,cluster_2,0.193,0.19568703475466548,0.16633397954146564,0.3593339795414656,0.183,393,170,180,0,0
158,cluster_3,0.26,0.22692186966387995,0.19288358921429796,0.45288358921429794,0.287,292,150,160,0,0
158,cluster_4,0.255,0.22241303870703072,0.1890510829009761,0.4440510829009761,0.275,304,145,160,0,0
159,cluster_0,0.109,0.18012902027780825,0.153109667236137,0.262109667236137,0.12,464,100,100,0,0
159,cluster_1,0.143,0.18602311767530388,0.1581196500240083,0.3011196500240083,0.144,435,184,200,0,0
159,cluster_2,0.191,0.19568703475466548,0.16633397954146564,0.3573339795414656,0.188,393,170,180,0,0
159,cluster_3,0.238,0.22692186966387995,0.19288358921429796,0.4308835892142979,0.266,292,150,160,0,0
159,cluster_4,0.253,0.22241303870703072,0.1890510829009761,0.4420510829009761,0.282,304,146,160,0,0
160,cluster_0,0.101,0.18012902027780825,0.153109667236137,0.25410966723613704,0.118,464,100,100,0,0
160,cluster_1,0.141,0.18602311767530388,0.1581196500240083,0.2991196500240083,0.145,435,185,200,0,0
160,cluster_2,0.184,0.19568703475466548,0.16633397954146564,0.3503339795414656,0.185,393,170,180,0,0
160,cluster_3,0.233,0.22692186966387995,0.19288358921429796,0.425883589214298,0.264,292,150,160,0,0
160,cluster_4,0.255,0.22241303870703072,0.1890510829009761,0.4440510829009761,0.288,304,144,160,0,0
161,cluster_0,0.095,0.18012902027780825,0.153109667236137,0.248109667236137,0.117,464,100,100,0,0
161,cluster_1,0.138,0.18602311767530388,0.1581196500240083,0.2961196500240083,0.146,435,184,200,0,0
161,cluster_2,0.185,0.19568703475466548,0.16633397954146564,0.3513339795414656,0.189,393,171,180,0,0
161,cluster_3,0.22,0.22692186966387995,0.19288358921429796,0.41288358921429796,0.253,292,150,160,0,0
161,cluster_4,0.255,0.22241303870703072,0.1890510829009761,0.4440510829009761,0.295,304,144,160,0,0
162,cluster_0,0.091,0.18012902027780825,0.153109667236137,0.244109667236137,0.114,464,100,100,0,0
162,cluster_1,0.133,0.18602311767530388,0.1581196500240083,0.2911196500240083,0.142,435,185,200,0,0
162,cluster_2,0.182,0.19568703475466548,0.16633397954146564,0.3483339795414656,0.186,393,171,180,0,0
162,cluster_3,0.224,0.22692186966387995,0.19288358921429796,0.41688358921429797,0.257,292,150,160,0,0
162,cluster_4,0.26,0.22241303870703072,0.1890510829009761,0.4490510829009761,0.301,304,145,160,0,0
163,cluster_0,0.077,0.18012902027780825,0.153109667236137,0.23010966723613702,0.108,464,100,100,0,0
163,cluster_1,0.129,0.18602311767530388,0.1581196500240083,0.2871196500240083,0.14,435,187,200,0,0
163,cluster_2,0.179,0.19568703475466548,0.16633397954146564,0.3453339795414656,0.185,393,171,180,0,0
163,cluster_3,0.226,0.22692186966387995,0.19288358921429796,0.41888358921429797,0.263,292,151,160,0,0
163,cluster_4,0.26,0.22241303870703072,0.1890510829009761,0.4490510829009761,0.304,304,145,160,0,0
164,cluster_0,0.07,0.18012902027780825,0.153109667236137,0.223109667236137,0.104,464,100,100,0,0
164,cluster_1,0.131,0.18602311767530388,0.1581196500240083,0.2891196500240083,0.14,435,188,200,0,0
164,cluster_2,0.174,0.19568703475466548,0.16633397954146564,0.3403339795414656,0.178,393,170,180,0,0
164,cluster_3,0.238,0.22692186966387995,0.19288358921429796,0.4308835892142979,0.275,292,152,160,0,0
164,cluster_4,0.261,0.22241303870703072,0.1890510829009761,0.4500510829009761,0.302,304,145,160,0,0
165,cluster_0,0.069,0.18012902027780825,0.153109667236137,0.222109667236137,0.103,464,100,100,0,0
165,cluster_1,0.131,0.18602311767530388,0.1581196500240083,0.2891196500240083,0.141,435,188,200,0,0
165,cluster_2,0.183,0.19568703475466548,0.16633397954146564,0.3493339795414656,0.186,393,170,180,0,0
165,cluster_3,0.235,0.22692186966387995,0.19288358921429796,0.4278835892142979,0.271,292,153,160,0,0
165,cluster_4,0.258,0.22241303870703072,0.1890510829009761,0.4470510829009761,0.298,304,145,160,0,0
166,cluster_0,0.08,0.18012902027780825,0.153109667236137,0.23310966723613702,0.108,464,100,100,0,0
166,cluster_1,0.13,0.18602311767530388,0.1581196500240083,0.2881196500240083,0.139,435,188,200,0,0
166,cluster_2,0.177,0.19568703475466548,0.16633397954146564,0.3433339795414656,0.18,393,170,180,0,0
166,cluster_3,0.235,0.22692186966387995,0.19288358921429796,0.4278835892142979,0.269,292,153,160,0,0
166,cluster_4,0.263,0.22241303870703072,0.1890510829009761,0.4520510829009761,0.303,304,145,160,0,0
167,cluster_0,0.08,0.18012902027780825,0.153109667236137,0.23310966723613702,0.107,464,100,100,0,0
167,cluster_1,0.124,0.18602311767530388,0.1581196500240083,0.2821196500240083,0.135,435,188,200,0,0
167,cluster_2,0.181,0.19568703475466548,0.16633397954146564,0.3473339795414656,0.183,393,170,180,0,0
167,cluster_3,0.238,0.22692186966387995,0.19288358921429796,0.4308835892142979,0.272,292,153,160,0,0
167,cluster_4,0.264,0.22241303870703072,0.1890510829009761,0.4530510829009761,0.303,304,143,160,0,0
168,cluster_0,0.073,0.18012902027780825,0.153109667236137,0.226109667236137,0.103,464,100,100,0,0
168,cluster_1,0.131,0.18602311767530388,0.1581196500240083,0.2891196500240083,0.138,435,189,200,0,0
168,cluster_2,0.179,0.19568703475466548,0.16633397954146564,0.3453339795414656,0.179,393,171,180,0,0
168,cluster_3,0.243,0.22692186966387995,0.19288358921429796,0.43588358921429793,0.277,292,153,160,0,0
168,cluster_4,0.265,0.22241303870703072,0.1890510829009761,0.4540510829009761,0.302,304,143,160,0,0
169,cluster_0,0.073,0.18012902027780825,0.153109667236137,0.226109667236137,0.102,464,100,100,0,0
169,cluster_1,0.127,0.18602311767530388,0.1581196500240083,0.2851196500240083,0.134,435,191,200,0,0
169,cluster_2,0.183,0.19568703475466548,0.16633397954146564,0.3493339795414656,0.181,393,171,180,0,0
169,cluster_3,0.247,0.22692186966387995,0.19288358921429796,0.43988358921429793,0.279,292,153,160,0,0
169,cluster_4,0.269,0.22241303870703072,0.1890510829009761,0.4580510829009761,0.304,304,143,160,0,0
170,cluster_0,0.069,0.18012902027780825,0.153109667236137,0.222109667236137,0.101,464,100,100,0,0
170,cluster_1,0.127,0.18602311767530388,0.1581196500240083,0.2851196500240083,0.135,435,192,200,0,0
170,cluster_2,0.185,0.19568703475466548,0.16633397954146564,0.3513339795414656,0.184,393,171,180,0,0
170,cluster_3,0.244,0.22692186966387995,0.19288358921429796,0.43688358921429793,0.276,292,152,160,0,0
170,cluster_4,0.268,0.22241303870703072,0.1890510829009761,0.4570510829009761,0.304,304,143,160,0,0
171,cluster_0,0.069,0.18012902027780825,0.153109667236137,0.222109667236137,0.1,464,100,100,0,0
171,cluster_1,0.127,0.18602311767530388,0.1581196500240083,0.2851196500240083,0.133,435,192,200,0,0
171,cluster_2,0.189,0.19568703475466548,0.16633397954146564,0.3553339795414656,0.185,393,171,180,0,0
171,cluster_3,0.242,0.22692186966387995,0.19288358921429796,0.4348835892142979,0.27,292,152,160,0,0
171,cluster_4,0.276,0.22241303870703072,0.1890510829009761,0.46505108290097613,0.313,304,143,160,0,0
172,cluster_0,0.057,0.18012902027780825,0.153109667236137,0.210109667236137,0.095,464,100,100,0,0
172,cluster_1,0.121,0.18602311767530388,0.1581196500240083,0.2791196500240083,0.131,435,191,200,0,0
172,cluster_2,0.192,0.19568703475466548,0.16633397954146564,0.3583339795414656,0.189,393,170,180,0,0
172,cluster_3,0.245,0.22692186966387995,0.19288358921429796,0.43788358921429793,0.276,292,153,160,0,0
172,cluster_4,0.272,0.22241303870703072,0.1890510829009761,0.46105108290097613,0.309,304,144,160,0,0
173,cluster_0,0.048,0.18012902027780825,0.153109667236137,0.201109667236137,0.092,464,100,100,0,0
173,cluster_1,0.125,0.18602311767530388,0.1581196500240083,0.2831196500240083,0.133,435,192,200,0,0
173,cluster_2,0.199,0.19568703475466548,0.16633397954146564,0.3653339795414656,0.196,393,170,180,0,0
173,cluster_3,0.245,0.22692186966387995,0.19288358921429796,0.43788358921429793,0.277,292,153,160,0,0
173,cluster_4,0.267,0.22241303870703072,0.1890510829009761,0.4560510829009761,0.303,304,144,160,0,0
174,cluster_0,0.054,0.18012902027780825,0.153109667236137,0.207109667236137,0.093,464,100,100,0,0
174,cluster_1,0.13,0.18602311767530388,0.1581196500240083,0.2881196500240083,0.134,435,192,200,0,0
174,cluster_2,0.205,0.19568703475466548,0.16633397954146564,0.37133397954146563,0.198,393,170,180,0,0
174,cluster_3,0.249,0.22692186966387995,0.19288358921429796,0.44188358921429793,0.277,292,153,160,0,0
174,cluster_4,0.268,0.22241303870703072,0.1890510829009761,0.4570510829009761,0.298,304,144,160,0,0
175,cluster_0,0.048,0.18012902027780825,0.153109667236137,0.201109667236137,0.091,464,100,100,0,0
175,cluster_1,0.126,0.18602311767530388,0.1581196500240083,0.2841196500240083,0.133,435,192,200,0,0
175,cluster_2,0.207,0.19568703475466548,0.16633397954146564,0.37333397954146563,0.202,393,170,180,0,0
175,cluster_3,0.244,0.22692186966387995,0.19288358921429796,0.43688358921429793,0.274,292,153,160,0,0
175,cluster_4,0.267,0.22241303870703072,0.1890510829009761,0.4560510829009761,0.3,304,144,160,0,0
176,cluster_0,0.048,0.18012902027780825,0.153109667236137,0.201109667236137,0.092,464,100,100,0,0
176,cluster_1,0.115,0.18602311767530388,0.1581196500240083,0.2731196500240083,0.128,435,192,200,0,0
176,cluster_2,0.204,0.19568703475466548,0.16633397954146564,0.37033397954146563,0.201,393,170,180,0,0
176,cluster_3,0.242,0.22692186966387995,0.19288358921429796,0.4348835892142979,0.274,292,153,160,0,0
176,cluster_4,0.268,0.22241303870703072,0.1890510829009761,0.4570510829009761,0.305,304,145,160,0,0
177,cluster_0,0.046,0.18012902027780825,0.153109667236137,0.199109667236137,0.093,464,100,100,0,0
177,cluster_1,0.111,0.18602311767530388,0.1581196500240083,0.2691196500240083,0.128,435,192,200,0,0
177,cluster_2,0.205,0.19568703475466548,0.16633397954146564,0.37133397954146563,0.206,393,170,180,0,0
177,cluster_3,0.239,0.22692186966387995,0.19288358921429796,0.4318835892142979,0.275,292,153,160,0,0
177,cluster_4,0.259,0.22241303870703072,0.1890510829009761,0.4480510829009761,0.298,304,145,160,0,0
178,cluster_0,0.045,0.18012902027780825,0.153109667236137,0.198109667236137,0.093,464,100,100,0,0
178,cluster_1,0.11,0.18602311767530388,0.1581196500240083,0.2681196500240083,0.128,435,192,200,0,0
178,cluster_2,0.208,0.19568703475466548,0.16633397954146564,0.37433397954146563,0.211,393,170,180,0,0
178,cluster_3,0.238,0.22692186966387995,0.19288358921429796,0.4308835892142979,0.276,292,154,160,0,0
178,cluster_4,0.253,0.22241303870703072,0.1890510829009761,0.4420510829009761,0.292,304,146,160,0,0
179,cluster_0,0.04,0.18012902027780825,0.153109667236137,0.193109667236137,0.092,464,100,100,0,0
179,cluster_1,0.106,0.18602311767530388,0.1581196500240083,0.2641196500240083,0.128,435,192,200,0,0
179,cluster_2,0.204,0.19568703475466548,0.16633397954146564,0.37033397954146563,0.21,393,169,180,0,0
179,cluster_3,0.233,0.22692186966387995,0.19288358921429796,0.425883589214298,0.274,292,154,160,0,0
179,cluster_4,0.253,0.22241303870703072,0.1890510829009761,0.4420510829009761,0.296,304,145,160,0,0
180,cluster_0,0.034,0.18012902027780825,0.153109667236137,0.187109667236137,0.09,464,100,100,0,0
180,cluster_1,0.106,0.18602311767530388,0.1581196500240083,0.2641196500240083,0.128,435,192,200,0,0
180,cluster_2,0.197,0.19568703475466548,0.16633397954146564,0.3633339795414656,0.204,393,168,180,0,0
180,cluster_3,0.225,0.22692186966387995,0.19288358921429796,0.41788358921429797,0.265,292,153,160,0,0
180,cluster_4,0.264,0.22241303870703072,0.1890510829009761,0.4530510829009761,0.313,304,146,160,0,0
181,cluster_0,0.034,0.18012902027780825,0.153109667236137,0.187109667236137,0.091,464,100,100,0,0
181,cluster_1,0.103,0.18602311767530388,0.1581196500240083,0.2611196500240083,0.127,435,193,200,0,0
181,cluster_2,0.197,0.19568703475466548,0.16633397954146564,0.3633339795414656,0.205,393,168,180,0,0
181,cluster_3,0.225,0.22692186966387995,0.19288358921429796,0.41788358921429797,0.266,292,152,160,0,0
181,cluster_4,0.262,0.22241303870703072,0.1890510829009761,0.4510510829009761,0.312,304,146,160,0,0
182,cluster_0,0.027,0.18012902027780825,0.153109667236137,0.180109667236137,0.087,464,100,100,0,0
182,cluster_1,0.108,0.18602311767530388,0.1581196500240083,0.2661196500240083,0.128,435,194,200,0,0
182,cluster_2,0.198,0.19568703475466548,0.16633397954146564,0.3643339795414656,0.203,393,167,180,0,0
182,cluster_3,0.235,0.22692186966387995,0.19288358921429796,0.4278835892142979,0.276,292,153,160,0,0
182,cluster_4,0.26,0.22241303870703072,0.1890510829009761,0.4490510829009761,0.306,304,145,160,0,0
183,cluster_0,0.032,0.18012902027780825,0.153109667236137,0.185109667236137,0.088,464,100,100,0,0
183,cluster_1,0.106,0.18602311767530388,0.1581196500240083,0.2641196500240083,0.125,435,194,200,0,0
183,cluster_2,0.195,0.19568703475466548,0.16633397954146564,0.3613339795414656,0.198,393,167,180,0,0
183,cluster_3,0.252,0.22692186966387995,0.19288358921429796,0.44488358921429794,0.295,292,154,160,0,0
183,cluster_4,0.255,0.22241303870703072,0.1890510829009761,0.4440510829009761,0.294,304,145,160,0,0
184,cluster_0,0.041,0.18012902027780825,0.153109667236137,0.194109667236137,0.092,464,100,100,0,0
184,cluster_1,0.103,0.18602311767530388,0.1581196500240083,0.2611196500240083,0.124,435,192,200,0,0
184,cluster_2,0.19,0.19568703475466548,0.16633397954146564,0.3563339795414656,0.194,393,167,180,0,0
184,cluster_3,0.252,0.22692186966387995,0.19288358921429796,0.44488358921429794,0.296,292,154,160,0,0
184,cluster_4,0.255,0.22241303870703072,0.1890510829009761,0.4440510829009761,0.295,304,147,160,0,0
185,cluster_0,0.059,0.18012902027780825,0.153109667236137,0.212109667236137,0.099,464,100,100,0,0
185,cluster_1,0.099,0.18602311767530388,0.1581196500240083,0.2571196500240083,0.122,435,192,200,0,0
185,cluster_2,0.191,0.19568703475466548,0.16633397954146564,0.3573339795414656,0.194,393,167,180,0,0
185,cluster_3,0.248,0.22692186966387995,0.19288358921429796,0.44088358921429793,0.289,292,154,160,0,0
185,cluster_4,0.256,0.22241303870703072,0.1890510829009761,0.4450510829009761,0.296,304,146,160,0,0
186,cluster_0,0.069,0.18012902027780825,0.153109667236137,0.222109667236137,0.103,464,100,100,0,0
186,cluster_1,0.099,0.18602311767530388,0.1581196500240083,0.2571196500240083,0.121,435,192,200,0,0
186,cluster_2,0.19,0.19568703475466548,0.16633397954146564,0.3563339795414656,0.192,393,168,180,0,0
186,cluster_3,0.254,0.22692186966387995,0.19288358921429796,0.44688358921429794,0.296,292,155,160,0,0
186,cluster_4,0.252,0.22241303870703072,0.1890510829009761,0.4410510829009761,0.288,304,145,160,0,0
187,cluster_0,0.068,0.18012902027780825,0.153109667236137,0.221109667236137,0.103,464,100,100,0,0
187,cluster_1,0.104,0.18602311767530388,0.1581196500240083,0.2621196500240083,0.124,435,192,200,0,0
187,cluster_2,0.187,0.19568703475466548,0.16633397954146564,0.3533339795414656,0.19,393,170,180,0,0
187,cluster_3,0.258,0.22692186966387995,0.19288358921429796,0.45088358921429794,0.302,292,155,160,0,0
187,cluster_4,0.247,0.22241303870703072,0.1890510829009761,0.4360510829009761,0.281,304,145,160,0,0
188,cluster_0,0.075,0.18012902027780825,0.153109667236137,0.22810966723613701,0.105,464,100,100,0,0
188,cluster_1,0.104,0.18602311767530388,0.1581196500240083,0.2621196500240083,0.123,435,192,200,0,0
188,cluster_2,0.187,0.19568703475466548,0.16633397954146564,0.3533339795414656,0.188,393,168,180,0,0
188,cluster_3,0.261,0.22692186966387995,0.19288358921429796,0.45388358921429794,0.304,292,155,160,0,0
188,cluster_4,0.247,0.22241303870703072,0.1890510829009761,0.4360510829009761,0.28,304,145,160,0,0
189,cluster_0,0.074,0.18012902027780825,0.153109667236137,0.22710966723613701,0.105,464,100,100,0,0
189,cluster_1,0.107,0.18602311767530388,0.1581196500240083,0.2651196500240083,0.125,435,194,200,0,0
189,cluster_2,0.186,0.19568703475466548,0.16633397954146564,0.3523339795414656,0.189,393,169,180,0,0
189,cluster_3,0.255,0.22692186966387995,0.19288358921429796,0.44788358921429794,0.299,292,154,160,0,0
189,cluster_4,0.247,0.22241303870703072,0.1890510829009761,0.4360510829009761,0.282,304,146,160,0,0
190,cluster_0,0.073,0.18012902027780825,0.153109667236137,0.226109667236137,0.105,464,100,100,0,0
190,cluster_1,0.107,0.18602311767530388,0.1581196500240083,0.2651196500240083,0.125,435,194,200,0,0
190,cluster_2,0.184,0.19568703475466548,0.16633397954146564,0.3503339795414656,0.187,393,168,180,0,0
190,cluster_3,0.257,0.22692186966387995,0.19288358921429796,0.44988358921429794,0.301,292,155,160,0,0
190,cluster_4,0.248,0.22241303870703072,0.1890510829009761,0.4370510829009761,0.282,304,147,160,0,0
191,cluster_0,0.081,0.18012902027780825,0.153109667236137,0.23410966723613702,0.11,464,100,100,0,0
191,cluster_1,0.102,0.18602311767530388,0.1581196500240083,0.2601196500240083,0.124,435,195,200,0,0
191,cluster_2,0.179,0.19568703475466548,0.16633397954146564,0.3453339795414656,0.185,393,168,180,0,0
191,cluster_3,0.256,0.22692186966387995,0.19288358921429796,0.44888358921429794,0.302,292,156,160,0,0
191,cluster_4,0.244,0.22241303870703072,0.1890510829009761,0.4330510829009761,0.28,304,146,160,0,0
192,cluster_0,0.086,0.18012902027780825,0.153109667236137,0.239109667236137,0.113,464,100,100,0,0
192,cluster_1,0.106,0.18602311767530388,0.1581196500240083,0.2641196500240083,0.126,435,196,200,0,0
192,cluster_2,0.176,0.19568703475466548,0.16633397954146564,0.3423339795414656,0.182,393,168,180,0,0
192,cluster_3,0.257,0.22692186966387995,0.19288358921429796,0.44988358921429794,0.304,292,156,160,0,0
192,cluster_4,0.241,0.22241303870703072,0.1890510829009761,0.4300510829009761,0.276,304,146,160,0,0
193,cluster_0,0.087,0.18012902027780825,0.153109667236137,0.240109667236137,0.111,464,100,100,0,0
193,cluster_1,0.105,0.18602311767530388,0.1581196500240083,0.2631196500240083,0.123,435,196,200,0,0
193,cluster_2,0.174,0.19568703475466548,0.16633397954146564,0.3403339795414656,0.177,393,166,180,0,0
193,cluster_3,0.271,0.22692186966387995,0.19288358921429796,0.46388358921429795,0.319,292,155,160,0,0
193,cluster_4,0.24,0.22241303870703072,0.1890510829009761,0.4290510829009761,0.27,304,147,160,0,0
194,cluster_0,0.087,0.18012902027780825,0.153109667236137,0.240109667236137,0.109,464,100,100,0,0
194,cluster_1,0.109,0.18602311767530388,0.1581196500240083,0.2671196500240083,0.123,435,197,200,0,0
194,cluster_2,0.181,0.19568703475466548,0.16633397954146564,0.3473339795414656,0.179,393,166,180,0,0
194,cluster_3,0.277,0.22692186966387995,0.19288358921429796,0.46988358921429796,0.322,292,155,160,0,0
194,cluster_4,0.242,0.22241303870703072,0.1890510829009761,0.4310510829009761,0.267,304,147,160,0,0
195,cluster_0,0.087,0.18012902027780825,0.153109667236137,0.240109667236137,0.107,464,100,100,0,0
195,cluster_1,0.113,0.18602311767530388,0.1581196500240083,0.2711196500240083,0.123,435,197,200,0,0
195,cluster_2,0.188,0.19568703475466548,0.16633397954146564,0.3543339795414656,0.181,393,166,180,0,0
195,cluster_3,0.282,0.22692186966387995,0.19288358921429796,0.47488358921429796,0.323,292,156,160,0,0
195,cluster_4,0.247,0.22241303870703072,0.1890510829009761,0.4360510829009761,0.267,304,147,160,0,0
196,cluster_0,0.094,0.18012902027780825,0.153109667236137,0.247109667236137,0.11,464,100,100,0,0
196,cluster_1,0.113,0.18602311767530388,0.1581196500240083,0.2711196500240083,0.123,435,197,200,0,0
196,cluster_2,0.187,0.19568703475466548,0.16633397954146564,0.3533339795414656,0.18,393,167,180,0,0
196,cluster_3,0.281,0.22692186966387995,0.19288358921429796,0.47388358921429796,0.32,292,156,160,0,0
196,cluster_4,0.248,0.22241303870703072,0.1890510829009761,0.4370510829009761,0.268,304,148,160,0,0
197,cluster_0,0.088,0.18012902027780825,0.153109667236137,0.241109667236137,0.106,464,100,100,0,0
197,cluster_1,0.106,0.18602311767530388,0.1581196500240083,0.2641196500240083,0.117,435,196,200,0,0
197,cluster_2,0.185,0.19568703475466548,0.16633397954146564,0.3513339795414656,0.177,393,167,180,0,0
197,cluster_3,0.287,0.22692186966387995,0.19288358921429796,0.47988358921429797,0.327,292,156,160,0,0
197,cluster_4,0.253,0.22241303870703072,0.1890510829009761,0.4420510829009761,0.273,304,147,160,0,0
198,cluster_0,0.095,0.18012902027780825,0.153109667236137,0.248109667236137,0.109,464,100,100,0,0
198,cluster_1,0.103,0.18602311767530388,0.1581196500240083,0.2611196500240083,0.116,435,196,200,0,0
198,cluster_2,0.185,0.19568703475466548,0.16633397954146564,0.3513339795414656,0.176,393,167,180,0,0
198,cluster_3,0.288,0.22692186966387995,0.19288358921429796,0.48088358921429797,0.328,292,156,160,0,0
198,cluster_4,0.252,0.22241303870703072,0.1890510829009761,0.4410510829009761,0.271,304,147,160,0,0
199,cluster_0,0.081,0.18012902027780825,0.153109667236137,0.23410966723613702,0.102,464,100,100,0,0
199,cluster_1,0.103,0.18602311767530388,0.1581196500240083,0.2611196500240083,0.116,435,196,200,0,0
199,cluster_2,0.184,0.19568703475466548,0.16633397954146564,0.3503339795414656,0.175,393,167,180,0,0
199,cluster_3,0.292,0.22692186966387995,0.19288358921429796,0.48488358921429797,0.333,292,155,160,0,0
199,cluster_4,0.255,0.22241303870703072,0.1890510829009761,0.4440510829009761,0.273,304,147,160,0,0
200,cluster_0,0.081,0.18012902027780825,0.153109667236137,0.23410966723613702,0.102,464,100,100,0,0
200,cluster_1,0.101,0.18602311767530388,0.1581196500240083,0.2591196500240083,0.115,435,195,200,0,0
200,cluster_2,0.182,0.19568703475466548,0.16633397954146564,0.3483339795414656,0.173,393,168,180,0,0
200,cluster_3,0.295,0.22692186966387995,0.19288358921429796,0.487883589214298,0.338,292,155,160,0,0
200,cluster_4,0.253,0.22241303870703072,0.1890510829009761,0.4420510829009761,0.271,304,146,160,0,0
